class_ratio,metric_accuracy_mean,metric_accuracy_std,metric_roc_auc_mean,metric_roc_auc_std,model
0.1,0.7193999999999999,0.013717385562368168,0.7575952380952381,0.025136907815853274,tree
0.3,0.7578,0.02082066281365703,0.7909047619047618,0.024641754825433897,tree
0.5,0.7214,0.026712980614924525,0.7776523809523809,0.026245827152763322,tree
0.1,0.7001999999999999,0.0009999999999999998,0.7503047619047619,0.029332478954523022,linear
0.3,0.7239999999999999,0.014860462083439193,0.7809142857142857,0.026899663268818298,linear
0.5,0.7117999999999999,0.02947032405658272,0.7824,0.026971044914767515,linear
