ratio_high,ratio_low,metric,median_diff,iqr_diff,n_pairs
0.3,0.1,metric_accuracy,0.025000000000000022,0.015000000000000013,25
0.3,0.1,metric_roc_auc,0.02523809523809528,0.021904761904761982,25
0.5,0.1,metric_accuracy,0.015000000000000013,0.03500000000000003,25
0.5,0.1,metric_roc_auc,0.030238095238095175,0.022857142857142798,25
0.5,0.3,metric_accuracy,-0.014999999999999902,0.03500000000000003,25
0.5,0.3,metric_roc_auc,0.0019047619047619646,0.006190476190476191,25
