ratio,variant,mean_spearman,mean_topk_overlap,mean_cosine,n_folds,median_spearman,iqr_spearman,median_topk_overlap,iqr_topk_overlap,median_cosine,iqr_cosine
0.1,magnitude,0.8455819583731653,0.704,0.8685950768187654,25,0.8429261840479841,0.05227071635514402,0.6,0.20000000000000007,0.8775045517512033,0.06088872451489502
0.3,magnitude,0.794743838372111,0.7120000000000001,0.8970565449554694,25,0.8034497811520507,0.10827418366526187,0.8,0.20000000000000007,0.8978732529498731,0.04884297682625749
0.5,magnitude,0.7606102379586743,0.7760000000000001,0.8895757631972065,25,0.7578507370571905,0.07255686796558347,0.8,0.0,0.894796348790087,0.03995034404342146
0.1,directional,0.38782834007392253,0.696,0.7662119094806694,25,0.42910158872589055,0.25064529421436255,0.6,0.20000000000000007,0.8145622998541688,0.16662402016053546
0.3,directional,0.43119688247252286,0.72,0.8464553298077918,25,0.441242862833621,0.19497927692509293,0.8,0.20000000000000007,0.8520796346250884,0.06452209098073824
0.5,directional,0.40769904533333334,0.7680000000000001,0.8072198413737763,25,0.4475380116577052,0.19089959531419615,0.8,0.20000000000000007,0.8207697143107839,0.10997287115807253
