ratio,method,mean_rank_corr,mean_magnitude_var,mean_dispersion,n_folds,median_rank_corr,iqr_rank_corr,sd_magnitude_var,median_magnitude_var,iqr_magnitude_var
0.1,shap,0.6552428176144586,0.0001663688474687,0.9440425444461372,25,0.660290850530313,0.05415325076240074,1.2589592719239012e-05,0.00015892518774119347,1.3752903873612553e-05
0.3,shap,0.8380176230262788,4.8661826769967125e-05,0.9402290311500248,25,0.8425762523617598,0.022512969804895366,3.979386621429028e-06,4.635627918865585e-05,5.41686826725502e-06
0.5,shap,0.7761136070176132,5.021200078811402e-05,0.9541948762141378,25,0.7792661474947553,0.02054076762056367,3.2163898583862107e-06,4.8339074378711577e-05,4.431999051511982e-06
0.1,pfi,0.2762555075140174,0.0004226223710185,0.8944347091839802,25,0.28808626876123034,0.05290156389031109,4.618013411880946e-05,0.0004065625623520206,6.260741228517514e-05
0.3,pfi,0.3950133299472085,0.0001616127154533,0.8857795627137315,25,0.393774985421745,0.09295649979518661,1.5084507571010258e-05,0.00015449997067399406,2.1521543154237474e-05
0.5,pfi,0.3358926786696617,0.0001775816734542,0.9162039048061376,25,0.35374251407181384,0.058939184676426004,1.6693230237414424e-05,0.00017232722331109285,2.2476161913979328e-05
